eventid,producerid,eventtype,correlationid,timestamp,payload
e62551b3-4566-4ff3-a9cc-e022337e083a,producer-2,USER_SIGNED_UP,a077ae70-b864-41ff-bb48-ec4f738f56db,2026-02-20T11:02:21.031598Z,"{""orderId"": ""ORD-1001"", ""amount"": 100.99}"
8a7b49b7-bb95-42b9-916b-d74ba956f13f,producer-3,ORDER_CREATED,5b6e1c82-3b0e-48e1-96b4-2dd5ad736252,2026-02-20T11:02:21.031986Z,"{""orderId"": ""ORD-1002"", ""amount"": 101.99}"
87b69160-165d-4747-b7f8-45288152be5d,producer-4,USER_SIGNED_UP,df12da9c-0a41-4137-9385-18a4423c402c,2026-02-20T11:02:21.031998Z,"{""orderId"": ""ORD-1003"", ""amount"": 102.99}"
e4d0a9af-660c-4db1-a880-dcc3dcbb3a42,producer-5,ORDER_CREATED,b1f89b31-fad0-4636-8153-cf65de9b12b0,2026-02-20T11:02:21.032007Z,"{""orderId"": ""ORD-1004"", ""amount"": 103.99}"
8a214529-235c-485d-87ca-c95ac9a369cf,producer-1,USER_SIGNED_UP,0c1a0f32-ba1c-40cf-9961-dd6ee294bdb0,2026-02-20T11:02:21.032014Z,"{""orderId"": ""ORD-1005"", ""amount"": 104.99}"
57eaa243-e4df-4786-b6da-ec2da7b79890,producer-2,ORDER_CREATED,0241bb64-55f0-41e0-ae02-5146b7798fb6,2026-02-20T11:02:21.032021Z,"{""orderId"": ""ORD-1006"", ""amount"": 105.99}"
45f23895-9dd2-44df-96ab-49e81d38a707,producer-3,USER_SIGNED_UP,be63eb87-3c19-4a66-b897-4a73b074fc92,2026-02-20T11:02:21.032027Z,"{""orderId"": ""ORD-1007"", ""amount"": 106.99}"
5d81d333-9cdd-407a-ae08-17dd296d76bf,producer-4,ORDER_CREATED,c1f5b293-cd9a-4bda-a03d-d713afe18e75,2026-02-20T11:02:21.032033Z,"{""orderId"": ""ORD-1008"", ""amount"": 107.99}"
50bb9a01-a36e-44b7-a472-35b22f32cb13,producer-5,USER_SIGNED_UP,a1a8b9d9-de3e-4314-ba29-75ddcddef8b1,2026-02-20T11:02:21.032039Z,"{""orderId"": ""ORD-1009"", ""amount"": 108.99}"
690bc15a-fca9-4c3c-9719-8f98cf6ac346,producer-1,ORDER_CREATED,3827b349-e3ae-49f1-9e92-f7a1e78c66ce,2026-02-20T11:02:21.032045Z,"{""orderId"": ""ORD-1010"", ""amount"": 109.99}"
3bb21241-cc46-447c-8a3a-db399067075a,producer-2,USER_SIGNED_UP,acbe9cb6-181e-4da6-893e-4f488fd6bd23,2026-02-20T11:02:21.032051Z,"{""orderId"": ""ORD-1011"", ""amount"": 110.99}"
cad7da31-d12c-4315-a90c-2e0d99609a55,producer-3,ORDER_CREATED,2e83a4b5-99f8-43dd-b891-1a27fa1017f5,2026-02-20T11:02:21.032057Z,"{""orderId"": ""ORD-1012"", ""amount"": 111.99}"
cf7cb3e8-f264-4dc5-a637-2e533d285031,producer-4,USER_SIGNED_UP,e6af21ae-8de5-4eef-8cd4-356c9cde1430,2026-02-20T11:02:21.032063Z,"{""orderId"": ""ORD-1013"", ""amount"": 112.99}"
510c29dc-2a32-4511-86ae-92971e8c2da7,producer-5,ORDER_CREATED,69ed6935-8fa9-4c44-bbef-8a80301674e9,2026-02-20T11:02:21.032068Z,"{""orderId"": ""ORD-1014"", ""amount"": 113.99}"
0070e3b9-ef8c-463e-89e8-b8db15c51e31,producer-1,USER_SIGNED_UP,f23e5685-633e-467b-9fe2-aeb43cc7c01d,2026-02-20T11:02:21.032074Z,"{""orderId"": ""ORD-1015"", ""amount"": 114.99}"
66f859b3-f526-4c47-9775-49d7df4f3196,producer-2,ORDER_CREATED,31713528-036c-48e7-bff2-81d504730c33,2026-02-20T11:02:21.032080Z,"{""orderId"": ""ORD-1016"", ""amount"": 115.99}"
94700662-923c-40c6-97a0-5055e29fff57,producer-3,USER_SIGNED_UP,e681da67-4e7e-46f4-901c-a2e12a4c0ddf,2026-02-20T11:02:21.032086Z,"{""orderId"": ""ORD-1017"", ""amount"": 116.99}"
3f84775f-5e0b-408b-a300-dced0dbb0791,producer-4,ORDER_CREATED,5132ad7b-2f02-4277-ad4d-fb30f38d041c,2026-02-20T11:02:21.032091Z,"{""orderId"": ""ORD-1018"", ""amount"": 117.99}"
0c655ad4-3d34-41c5-a570-800206f119e5,producer-5,USER_SIGNED_UP,15e3bcd0-dfb4-4779-8a2c-0279c640b5ca,2026-02-20T11:02:21.032097Z,"{""orderId"": ""ORD-1019"", ""amount"": 118.99}"
b53492df-305e-42b8-ba64-ca62df1458ba,producer-1,ORDER_CREATED,4676155b-54b4-4e57-b890-eb1543a8fe10,2026-02-20T11:02:21.032103Z,"{""orderId"": ""ORD-1020"", ""amount"": 119.99}"
a450be57-b944-4aec-ace2-4805163f9584,producer-2,USER_SIGNED_UP,1817a3af-08a0-4353-873a-ef22b638367c,2026-02-20T11:02:21.032110Z,"{""orderId"": ""ORD-1021"", ""amount"": 120.99}"
49c1ad00-2095-441b-a2cd-3ef8d098fe18,producer-3,ORDER_CREATED,708d33d7-6070-4c75-a126-622793412e99,2026-02-20T11:02:21.032116Z,"{""orderId"": ""ORD-1022"", ""amount"": 121.99}"
a163ae4d-ef73-4b8b-ae47-9fb504d798c4,producer-4,USER_SIGNED_UP,7e77ced3-de80-4699-8e23-c6f7075e8e57,2026-02-20T11:02:21.032121Z,"{""orderId"": ""ORD-1023"", ""amount"": 122.99}"
d7c1f273-6fc4-437a-8802-9d945055d9e2,producer-5,ORDER_CREATED,094a0714-baab-4569-8710-73fa382384f9,2026-02-20T11:02:21.032127Z,"{""orderId"": ""ORD-1024"", ""amount"": 123.99}"
1f1bc37d-2485-4199-8291-68720db7cb20,producer-1,USER_SIGNED_UP,6ee29979-4df7-492c-9bbf-94cac4a61a3c,2026-02-20T11:02:21.032133Z,"{""orderId"": ""ORD-1025"", ""amount"": 124.99}"
c4da16d5-624e-45d3-83e8-7680942be9d0,producer-2,ORDER_CREATED,0622579b-180a-4eff-aa55-c5f662d199dd,2026-02-20T11:02:21.032138Z,"{""orderId"": ""ORD-1026"", ""amount"": 125.99}"
152855ce-0e5d-4f92-8b01-a6998fbc123a,producer-3,USER_SIGNED_UP,a758112e-1395-48fb-852d-5a427cc09ae9,2026-02-20T11:02:21.032144Z,"{""orderId"": ""ORD-1027"", ""amount"": 126.99}"
c4f0edd2-5779-4b9f-8ae7-fdb693a745f2,producer-4,ORDER_CREATED,bc94cdbd-08be-4c7d-ae93-ee2856cc2ce5,2026-02-20T11:02:21.032150Z,"{""orderId"": ""ORD-1028"", ""amount"": 127.99}"
d8ca0fb2-da27-4b5d-a560-23272d342361,producer-5,USER_SIGNED_UP,98eff1b6-479a-45ff-9d2a-4296c7ef6cf1,2026-02-20T11:02:21.032156Z,"{""orderId"": ""ORD-1029"", ""amount"": 128.99}"
fab59357-9f52-47f8-9bb8-1a63b2bd58c2,producer-1,ORDER_CREATED,c5aec0a0-909e-4d98-a966-6be4420115d5,2026-02-20T11:02:21.032161Z,"{""orderId"": ""ORD-1030"", ""amount"": 129.99}"
dff44932-860c-41c2-9bc8-fa1c565c1270,producer-2,USER_SIGNED_UP,10f87325-45d7-4c52-8cfa-6d1fb4cd6870,2026-02-20T11:02:21.032167Z,"{""orderId"": ""ORD-1031"", ""amount"": 130.99}"
b022dfc5-24a5-4485-8361-530c206d0139,producer-3,ORDER_CREATED,d35d0123-6997-4ff5-9d9b-54c953eb970c,2026-02-20T11:02:21.032174Z,"{""orderId"": ""ORD-1032"", ""amount"": 131.99}"
ea3d33dd-b31f-47f3-8bb2-6e59de65ac04,producer-4,USER_SIGNED_UP,f0a667cd-1540-40bd-a937-784d806edfc8,2026-02-20T11:02:21.032180Z,"{""orderId"": ""ORD-1033"", ""amount"": 132.99}"
befd10dc-3b7b-4de9-af65-ffe1b01e283f,producer-5,ORDER_CREATED,fa5ccb11-8a73-4aef-97c4-e09f7e9cc49a,2026-02-20T11:02:21.032186Z,"{""orderId"": ""ORD-1034"", ""amount"": 133.99}"
94a1c7a1-aaae-4f7b-9b5e-adc844e2c198,producer-1,USER_SIGNED_UP,22f02e28-6804-41d7-910f-e860c3ec365a,2026-02-20T11:02:21.032192Z,"{""orderId"": ""ORD-1035"", ""amount"": 134.99}"
ea645979-f70f-458c-8383-5c52690ad4bd,producer-2,ORDER_CREATED,51d1ac52-a15c-4b3e-9936-82ea68dea58d,2026-02-20T11:02:21.032197Z,"{""orderId"": ""ORD-1036"", ""amount"": 135.99}"
fe9b9174-5acb-4026-a515-b5cba182021b,producer-3,USER_SIGNED_UP,5e5bc8f3-15e3-4eeb-9c37-df2e465c2f75,2026-02-20T11:02:21.032203Z,"{""orderId"": ""ORD-1037"", ""amount"": 136.99}"
e099ec36-a5fb-473e-9f24-3316423d5a60,producer-4,ORDER_CREATED,45fcd8c2-8cb0-4630-b235-93d47488ad4a,2026-02-20T11:02:21.032208Z,"{""orderId"": ""ORD-1038"", ""amount"": 137.99}"
5df04def-f43c-4215-a9ff-12102debd648,producer-5,USER_SIGNED_UP,bf554d48-b1ca-4639-891a-bb052b3de184,2026-02-20T11:02:21.032214Z,"{""orderId"": ""ORD-1039"", ""amount"": 138.99}"
784fbd39-b4a1-4ea0-b599-252f9b3cbd69,producer-1,ORDER_CREATED,422fc1cc-4452-4a63-a7f0-48438c080c95,2026-02-20T11:02:21.032220Z,"{""orderId"": ""ORD-1040"", ""amount"": 139.99}"
2f2f36ba-e950-4b3b-bc08-9adf1465fc29,producer-2,USER_SIGNED_UP,51ce8131-a244-420b-9fd1-39aea3f5cad0,2026-02-20T11:02:21.032225Z,"{""orderId"": ""ORD-1041"", ""amount"": 140.99}"
797b60cb-ecf6-4c36-bd77-2c73ec6edd55,producer-3,ORDER_CREATED,4b56e6f9-402d-4aa8-b9ba-1fa4cd97067d,2026-02-20T11:02:21.032231Z,"{""orderId"": ""ORD-1042"", ""amount"": 141.99}"
fca8a61c-fa0b-4655-b803-281be37c1707,producer-4,USER_SIGNED_UP,ae83f256-8811-4fb1-bb5e-30d2c41dd67d,2026-02-20T11:02:21.032237Z,"{""orderId"": ""ORD-1043"", ""amount"": 142.99}"
a57958c5-90c1-45aa-bca6-46cc5a7c454d,producer-5,ORDER_CREATED,00f304a9-2b15-4489-9b1c-a1b3cea7c13f,2026-02-20T11:02:21.032243Z,"{""orderId"": ""ORD-1044"", ""amount"": 143.99}"
9ad2d4ac-2dc5-444d-8002-ea582b923646,producer-1,USER_SIGNED_UP,0163bc52-a13b-461f-aa4f-7183cefe6f88,2026-02-20T11:02:21.032248Z,"{""orderId"": ""ORD-1045"", ""amount"": 144.99}"
96d4f267-2420-428a-9253-46573f948cbd,producer-2,ORDER_CREATED,5353227f-e4cb-41a6-a0a3-ddda565d7876,2026-02-20T11:02:21.032254Z,"{""orderId"": ""ORD-1046"", ""amount"": 145.99}"
544f9766-ffe0-4ec4-962f-2e26df446f60,producer-3,USER_SIGNED_UP,0bb1f502-3f39-42d8-906f-b82d850002b8,2026-02-20T11:02:21.032260Z,"{""orderId"": ""ORD-1047"", ""amount"": 146.99}"
901ea916-50ab-43ed-9cc1-aecd6e79cd44,producer-4,ORDER_CREATED,2344a678-b8ed-47be-b7b8-eed9606b56e2,2026-02-20T11:02:21.032265Z,"{""orderId"": ""ORD-1048"", ""amount"": 147.99}"
2b4cd3ee-00e8-4adf-9537-f82104f2bb5b,producer-5,USER_SIGNED_UP,37386d2a-a484-49fa-9ed9-d4052d515444,2026-02-20T11:02:21.032271Z,"{""orderId"": ""ORD-1049"", ""amount"": 148.99}"
890250ce-b2c5-41be-a1c1-691507850d79,producer-1,ORDER_CREATED,00fdba2c-d678-426d-bf8f-e99ad4a15ff3,2026-02-20T11:02:21.032277Z,"{""orderId"": ""ORD-1050"", ""amount"": 149.99}"
